{
  "Negatif": {
    "precision": 0.9581151832460733,
    "recall": 0.9865229110512129,
    "f1-score": 0.9721115537848606,
    "support": 371.0
  },
  "Positif": {
    "precision": 0.9841269841269841,
    "recall": 0.950920245398773,
    "f1-score": 0.9672386895475819,
    "support": 326.0
  },
  "accuracy": 0.96987087517934,
  "macro avg": {
    "precision": 0.9711210836865287,
    "recall": 0.9687215782249929,
    "f1-score": 0.9696751216662212,
    "support": 697.0
  },
  "weighted avg": {
    "precision": 0.9702813914055811,
    "recall": 0.96987087517934,
    "f1-score": 0.969832423596406,
    "support": 697.0
  }
}