{
  "Negatif": {
    "precision": 0.9602122015915119,
    "recall": 0.9757412398921833,
    "f1-score": 0.9679144385026738,
    "support": 371.0
  },
  "Positif": {
    "precision": 0.971875,
    "recall": 0.9539877300613497,
    "f1-score": 0.9628482972136223,
    "support": 326.0
  },
  "accuracy": 0.9655667144906743,
  "macro avg": {
    "precision": 0.966043600795756,
    "recall": 0.9648644849767665,
    "f1-score": 0.965381367858148,
    "support": 697.0
  },
  "weighted avg": {
    "precision": 0.9656671116075336,
    "recall": 0.9655667144906743,
    "f1-score": 0.9655449090044949,
    "support": 697.0
  }
}