{
  "Negatif": {
    "precision": 0.948051948051948,
    "recall": 0.9838274932614556,
    "f1-score": 0.9656084656084656,
    "support": 371.0
  },
  "Positif": {
    "precision": 0.9807692307692307,
    "recall": 0.9386503067484663,
    "f1-score": 0.9592476489028213,
    "support": 326.0
  },
  "accuracy": 0.9626972740315638,
  "macro avg": {
    "precision": 0.9644105894105894,
    "recall": 0.9612389000049609,
    "f1-score": 0.9624280572556434,
    "support": 697.0
  },
  "weighted avg": {
    "precision": 0.9633544360947518,
    "recall": 0.9626972740315638,
    "f1-score": 0.9626333920847353,
    "support": 697.0
  }
}