{
  "Negatif": {
    "precision": 0.9366754617414248,
    "recall": 0.9568733153638814,
    "f1-score": 0.9466666666666667,
    "support": 371.0
  },
  "Positif": {
    "precision": 0.949685534591195,
    "recall": 0.9263803680981595,
    "f1-score": 0.937888198757764,
    "support": 326.0
  },
  "accuracy": 0.9426111908177905,
  "macro avg": {
    "precision": 0.9431804981663099,
    "recall": 0.9416268417310205,
    "f1-score": 0.9422774327122153,
    "support": 697.0
  },
  "weighted avg": {
    "precision": 0.9427605173354349,
    "recall": 0.9426111908177905,
    "f1-score": 0.9425608122358169,
    "support": 697.0
  }
}