{
  "Negatif": {
    "precision": 0.9530026109660574,
    "recall": 0.9838274932614556,
    "f1-score": 0.9681697612732095,
    "support": 371.0
  },
  "Positif": {
    "precision": 0.9808917197452229,
    "recall": 0.9447852760736196,
    "f1-score": 0.9625,
    "support": 326.0
  },
  "accuracy": 0.9655667144906743,
  "macro avg": {
    "precision": 0.9669471653556402,
    "recall": 0.9643063846675376,
    "f1-score": 0.9653348806366048,
    "support": 697.0
  },
  "weighted avg": {
    "precision": 0.9660468713132712,
    "recall": 0.9655667144906743,
    "f1-score": 0.9655179073635018,
    "support": 697.0
  }
}