{
  "Negatif": {
    "precision": 0.9506493506493506,
    "recall": 0.9865229110512129,
    "f1-score": 0.9682539682539683,
    "support": 371.0
  },
  "Positif": {
    "precision": 0.9839743589743589,
    "recall": 0.941717791411043,
    "f1-score": 0.9623824451410659,
    "support": 326.0
  },
  "accuracy": 0.9655667144906743,
  "macro avg": {
    "precision": 0.9673118548118548,
    "recall": 0.9641203512311279,
    "f1-score": 0.965318206697517,
    "support": 697.0
  },
  "weighted avg": {
    "precision": 0.96623608338099,
    "recall": 0.9655667144906743,
    "f1-score": 0.9655077465397557,
    "support": 697.0
  }
}