{
  "Negatif": {
    "precision": 0.9175531914893617,
    "recall": 0.9299191374663073,
    "f1-score": 0.9236947791164659,
    "support": 371.0
  },
  "Positif": {
    "precision": 0.9190031152647975,
    "recall": 0.9049079754601227,
    "f1-score": 0.9119010819165378,
    "support": 326.0
  },
  "accuracy": 0.9182209469153515,
  "macro avg": {
    "precision": 0.9182781533770796,
    "recall": 0.917413556463215,
    "f1-score": 0.9177979305165018,
    "support": 697.0
  },
  "weighted avg": {
    "precision": 0.9182313480902111,
    "recall": 0.9182209469153515,
    "f1-score": 0.9181786452754666,
    "support": 697.0
  }
}