{
  "Negatif": {
    "precision": 0.9459459459459459,
    "recall": 0.9433962264150944,
    "f1-score": 0.9446693657219973,
    "support": 371.0
  },
  "Positif": {
    "precision": 0.9357798165137615,
    "recall": 0.9386503067484663,
    "f1-score": 0.9372128637059725,
    "support": 326.0
  },
  "accuracy": 0.9411764705882353,
  "macro avg": {
    "precision": 0.9408628812298537,
    "recall": 0.9410232665817804,
    "f1-score": 0.9409411147139849,
    "support": 697.0
  },
  "weighted avg": {
    "precision": 0.941191056139788,
    "recall": 0.9411764705882353,
    "f1-score": 0.9411818195853773,
    "support": 697.0
  }
}