{
  "Negatif": {
    "precision": 0.9706666666666667,
    "recall": 0.9811320754716981,
    "f1-score": 0.9758713136729222,
    "support": 371.0
  },
  "Positif": {
    "precision": 0.9782608695652174,
    "recall": 0.9662576687116564,
    "f1-score": 0.9722222222222222,
    "support": 326.0
  },
  "accuracy": 0.9741750358680057,
  "macro avg": {
    "precision": 0.974463768115942,
    "recall": 0.9736948720916773,
    "f1-score": 0.9740467679475722,
    "support": 697.0
  },
  "weighted avg": {
    "precision": 0.9742186180941094,
    "recall": 0.9741750358680057,
    "f1-score": 0.974164565017358,
    "support": 697.0
  }
}